<?xml version="1.0" encoding="UTF-8"?>
<eac-cpf
    xmlns="urn:isbn:1-931666-33-4"
    xmlns:xsi="http://www.w3.org/2001/XMLSchema-instance"
    xmlns:xlink="http://www.w3.org/1999/xlink" xsi:schemaLocation="urn:isbn:1-931666-33-4 http://eac.staatsbibliothek-berlin.de/schema/cpf.xsd">
    <control>
        <recordId>RAMP-ad015002</recordId>
        <otherRecordId localType="WCI:LCCN">lccn-n82045230</otherRecordId>
        <otherRecordId localType="WCI:VIAF">33338239</otherRecordId>
        <otherRecordId localType="WCI:LCCN">lccn-n82045230</otherRecordId>
        <otherRecordId localType="WCI:VIAF">33338239</otherRecordId>
        <maintenanceStatus>new</maintenanceStatus>
        <publicationStatus>inProcess</publicationStatus>
        <maintenanceAgency>
            <agencyCode>US-ABC</agencyCode>
            <otherAgencyCode localType="MARC">XYZ</otherAgencyCode>
            <agencyName>University of ABC</agencyName>
        </maintenanceAgency>
        <languageDeclaration>
            <language languageCode="eng">English</language>
            <script scriptCode="Latn">Latin</script>
        </languageDeclaration>
        <conventionDeclaration>
            <abbreviation>FAST</abbreviation>
            <citation>Faceted Application of Subject Terminology</citation>
        </conventionDeclaration>
        <conventionDeclaration>
            <abbreviation>LCCN</abbreviation>
            <citation>Library of Congress Control Number</citation>
        </conventionDeclaration>
        <conventionDeclaration>
            <abbreviation>VIAF</abbreviation>
            <citation>Virtual International Authority File</citation>
        </conventionDeclaration>
        <conventionDeclaration>
            <abbreviation>WCI</abbreviation>
            <citation>WorldCat Identities</citation>
        </conventionDeclaration>
        <maintenanceHistory>
            <maintenanceEvent>
                <eventType>derived</eventType>
                <eventDateTime standardDateTime="2016-02-12"/>
                <agentType>machine</agentType>
                <agent>XSLT ead2eac.xsl/libxslt</agent>
                <eventDescription>New EAC-CPF record derived from EAD instance and existing EAC-CPF record, if available.</eventDescription>
            </maintenanceEvent>
            <maintenanceEvent>
                <eventType>updated</eventType>
                <eventDateTime>5-7-2016</eventDateTime>
                <agentType>machine</agentType>
                <agent>ramp/worldcat</agent>
                <eventDescription>Ingested WorldCat</eventDescription>
            </maintenanceEvent>
            <maintenanceEvent>
                <eventType>updated</eventType>
                <eventDateTime>5-7-2016</eventDateTime>
                <agentType>machine</agentType>
                <agent>ramp/viaf</agent>
                <eventDescription>Ingested VIAF</eventDescription>
            </maintenanceEvent>
            <maintenanceEvent>
                <eventType>updated</eventType>
                <eventDateTime>5-7-2016</eventDateTime>
                <agentType>machine</agentType>
                <agent>ramp/viaf</agent>
                <eventDescription>Ingested VIAF</eventDescription>
            </maintenanceEvent>
        </maintenanceHistory>
        <sources>
            <source xlink:href="http://hdl.loc.gov/loc.asian/eadasian.ad015002" xlink:type="simple">
                <sourceEntry>Arturo G. Pacho collection</sourceEntry>
                <objectXMLWrap>
                    <ead
                        xmlns="urn:isbn:1-931666-22-9" audience="external">
                        <eadheader>
                            <eadid mainagencycode="US-DLC" countrycode="US" identifier="hdl:loc.asian/eadasian.ad015002" encodinganalog="856$u">http://hdl.loc.gov/loc.asian/eadasian.ad015002</eadid>
                            <filedesc>
                                <titlestmt>
                                    <titleproper>Arturo G. Pacho collection</titleproper>
                                    <subtitle>A Finding Aid to the Collection in the Library of Congress </subtitle>
                                    <author>Prepared by Pang Xiong and Stephanie Arbieto</author>
                                </titlestmt>
                                <publicationstmt>
                                    <publisher encodinganalog="260$b">
                                        <extptr xlink:type="simple" xlink:show="embed" xlink:actuate="onLoad" xlink:href="http://lcweb2.loc.gov/xmlcommon/lcseal.jpg"/>Asian American Pacific Islander Collection                                                                                                                                                                    
                                        <lb/>Asian Division,                Library of Congress                                                                                                                                                    
                                    </publisher>
                                    <address>
                                        <addressline>Washington, D.C.</addressline>
                                    </address>
                                    <date normal="2013" encodinganalog="260$c" era="ce" calendar="gregorian">2013</date>
                                </publicationstmt>
                            </filedesc>
                            <profiledesc>
                                <creation>Finding aid encoded by Library of Congress Asian Division,                                                                                                                                                     
                                    <date normal="2015" era="ce" calendar="gregorian">2015</date>
                                </creation>
                                <langusage>Finding aid written in                                                                                                                                                     
                                    <language encodinganalog="041" langcode="eng">English.</language>
                                </langusage>
                            </profiledesc>
                        </eadheader>
                        <archdesc level="collection" type="register" relatedencoding="MARC21">
                            <did>
                                <langmaterial label="Language">Collection material in                                                                                                                                                     
                                    <language encodinganalog="041" langcode="eng">English</language> with some                                                                                                                                                     
                                    <language encodinganalog="041" langcode="tgl">Tagalog</language> and                                                                                                                                                     
                                    <language encodinganalog="041" langcode="chi">Chinese</language>
                                </langmaterial>
                            </did>
                            <descgrp type="admininfo" id="mferd48e146">
                                <head>Administrative Information</head>
                                <acqinfo encodinganalog="541" id="mferd48e149">
                                    <head>Provenance</head>
                                    <p>The collection of Arturo G. Pacho, author and educator, was given to the Library of Congress by Pacho in 2011.             </p>
                                </acqinfo>
                                <processinfo encodinganalog="583" id="mferd48e154">
                                    <head>Processing History</head>
                                    <p>The collection was processed in 2013 by Pang Xiong and Stephanie Arbieto.             </p>
                                </processinfo>
                                <userestrict encodinganalog="540" id="mferd48e159">
                                    <head>Copyright Status</head>
                                    <p>The status of copyright in the writings of Arturo G. Pacho is governed by the Copyright Law of the United States (Title 17, U.S.C.). Consult the Asian Division for more information.</p>
                                </userestrict>
                                <accessrestrict encodinganalog="506 0" id="mferd48e164">
                                    <head>Access and Restrictions</head>
                                    <p>The Arturo G. Pacho collection is open to research. Researchers are advised to contact the Asian Division prior to visiting. Advance notice is needed because collections must be retrieved for researchers.</p>
                                </accessrestrict>
                                <prefercite encodinganalog="524" id="mferd48e169">
                                    <head>Preferred Citation</head>
                                    <p>Researchers wishing to cite this collection should include the following information: The Arturo G. Pacho collection, Folder Title, Asian American Pacific Islander Collection, Asian Division, Library of Congress, Washington, D.C.</p>
                                </prefercite>
                            </descgrp>
                        </archdesc>
                    </ead>
                </objectXMLWrap>
            </source>
            <source xlink:href="http://worldcat.org/identities/lccn-n82045230" xlink:type="simple"/>
            <source xlink:href="http://viaf.org/viaf/33338239" xlink:type="simple"/>
            <source xlink:href="http://worldcat.org/identities/lccn-n82045230" xlink:type="simple"/>
            <source xlink:href="http://viaf.org/viaf/33338239" xlink:type="simple"/>
            <source xlink:href="http://viaf.org/viaf/33338239" xlink:type="simple"/>
        </sources>
    </control>
    <cpfDescription>
        <identity>
            <entityType>person</entityType>
            <nameEntry scriptCode="Latn" xml:lang="en">
                <part>Pacho, Arturo G.</part>
            </nameEntry>
            <nameEntry>
                <part>Pacho, Arturo G.</part>
                <authorizedForm>SUDOC</authorizedForm>
                <authorizedForm>BNE</authorizedForm>
                <authorizedForm>LC</authorizedForm>
                <authorizedForm>ISNI</authorizedForm>
            </nameEntry>
            <nameEntry>
                <part>Pacho, Arturo G.</part>
                <authorizedForm>SUDOC</authorizedForm>
                <authorizedForm>BNE</authorizedForm>
                <authorizedForm>LC</authorizedForm>
                <authorizedForm>ISNI</authorizedForm>
            </nameEntry>
            <nameEntry>
                <part>Pacho, Arturo G.</part>
                <authorizedForm>SUDOC</authorizedForm>
                <authorizedForm>BNE</authorizedForm>
                <authorizedForm>LC</authorizedForm>
                <authorizedForm>ISNI</authorizedForm>
            </nameEntry>
        </identity>
        <description>
            <languagesUsed>
                <languageUsed>
                    <language languageCode="eng">English</language>
                    <script scriptCode="Latn">Latin</script>
                </languageUsed>
                <languageUsed>
                    <language languageCode="tgl">Tagalog</language>
                    <script scriptCode="Latn">Latin</script>
                </languageUsed>
                <languageUsed>
                    <language languageCode="chi">Chinese</language>
                    <script scriptCode="Latn">Latin</script>
                </languageUsed>
            </languagesUsed>
            <localDescription localType="subject">
                <term vocabularySource="FAST" xml:id="fst862177">City planning</term>
            </localDescription>
            <localDescription localType="650">
                <term>Chinese--Philippines.</term>
            </localDescription>
            <localDescription localType="650">
                <term>Chinese--Southeast Asia.</term>
            </localDescription>
            <localDescription localType="650">
                <term>Emigration and immigration.</term>
            </localDescription>
            <localDescription localType="650">
                <term>Filipino Americans--Education.</term>
            </localDescription>
            <localDescription localType="650">
                <term>Filipino Americans.</term>
            </localDescription>
            <localDescription localType="650">
                <term>Naturalization.</term>
            </localDescription>
            <localDescription localType="650">
                <term>Social health maintenance organizations.</term>
            </localDescription>
            <localDescription localType="650">
                <term>Tagalog language.</term>
            </localDescription>
            <localDescription localType="650">
                <term>Teachers.</term>
            </localDescription>
            <occupation localType="656">
                <term>Authors.</term>
            </occupation>
            <occupation localType="656">
                <term>Educators.</term>
            </occupation>
            <biogHist>
                <abstract>Author and educator. Articles, correspondence, thesis, publications, memorandums, meeting notes, agendas, brochures, programs, flyers, newsletters, newspaper clippings, organizational articles and bylaws, pamphlets, photographs, cassette tapes, and other research material are arranged according to Pacho’s work with Filipino American organizations and career as an author and educator. Subjects include Chinese-Filipinos, the Chinese in Southeast Asia, education, Filipino Americans, Filipino American educators, Filipino American social services and organizations, immigration, naturalization, and the Tagalog language.</abstract>
                <p>Arturo “Art” Pacho was born on August 13, 1942 in Manila, Philippines to Antonio de la Cruz, a civil engineer, and Ester Pacho, a public health nurse. Pacho attended the University of the Philippines at Diliman in Quezon City for his undergraduate studies. In 1966, he wrote a report for the School of Public Administration at the University of the Philippines entitled <span style="font-style:italic">The Public Health of Davao</span>, and the school published it as a limited edition. He went on to earn a Masters in Public Administration at the University of the Philippines at Manila in 1967.                                                                                           </p>
                <p> Afterwards, Pacho and his wife, Jenny HK Dee, moved to the United States. He continued his graduate work in city and regional planning at Rutgers University in Newark, New Jersey and completed his doctoral studies at Kent State University in Ohio. His doctoral thesis, <span style="font-style:italic">Policy Agenda of the Ethnic Chinese in the Philippines</span>, was published in 1981. For the next few years, he was a fellow at the University of the Philippines, and he became an Assistant Professor focusing on local governments, regional policies, and urban development. His major policy involvement was the formation of the Metro Manila Authority, the precursor of the Metro Manila Development Authority.                                                                                            </p>
                <p>In addition, Pacho did consultancy work for the United Nations in Thailand and completed a fellowship at the Institute of Southeast Asian Studies in Singapore. The Pachos then settled in Glendale, California where he served as a management analyst and civilian adjutant in the detective headquarters division of the Los Angeles Police Department. As members of the Los Angeles Filipino American community, Pacho and his wife actively participated in organizations such as An Taclobanon, the Filipino American Educators Association (FAEA), the Filipino American Public Affairs Council (FAPAC), and Filipino American Service Group, Inc. (FASGI).            </p>
                <p>Pacho is now retired and living in the Philippines.          </p>
            </biogHist>
        </description>
        <relations>
            <cpfRelation cpfRelationType="associative" xlink:role="http://rdvocab.info/uri/schema/FRBRentitiesRDA/CorporateBody" xlink:type="simple">
                <relationEntry>Asian American Pacific Islander Collection (Library of Congress)</relationEntry>
            </cpfRelation>
            <cpfRelation cpfRelationType="associative" xlink:role="http://rdvocab.info/uri/schema/FRBRentitiesRDA/CorporateBody" xlink:type="simple">
                <relationEntry>Asian Division Library of Congress</relationEntry>
            </cpfRelation>
            <cpfRelation cpfRelationType="associative" xlink:href="http://id.loc.gov/authorities/names/n82042233" xlink:role="http://rdvocab.info/uri/schema/FRBRentitiesRDA/Person" xlink:type="simple">
                <relationEntry localType="other">Cariño, Ledivina V.</relationEntry>
            </cpfRelation>
            <cpfRelation cpfRelationType="associative" xlink:href="http://id.loc.gov/authorities/names/n82062226" xlink:role="http://rdvocab.info/uri/schema/FRBRentitiesRDA/Person" xlink:type="simple">
                <relationEntry localType="aut">Simpas, Santiago S.</relationEntry>
            </cpfRelation>
            <cpfRelation cpfRelationType="associative" xlink:href="http://id.loc.gov/authorities/names/n83074635" xlink:role="http://rdvocab.info/uri/schema/FRBRentitiesRDA/CorporateBody" xlink:type="simple">
                <relationEntry>University of the Philippines</relationEntry>
            </cpfRelation>
            <cpfRelation cpfRelationType="associative" xlink:href="http://www.worldcat.org/identities/viaf-140137477" xlink:role="http://rdvocab.info/uri/schema/FRBRentitiesRDA/CorporateBody" xlink:type="simple">
                <relationEntry>National Economic and Development Authority</relationEntry>
            </cpfRelation>
            <cpfRelation cpfRelationType="associative" xlink:href="http://www.worldcat.org/identities/viaf-208904577" xlink:role="http://rdvocab.info/uri/schema/FRBRentitiesRDA/Person" xlink:type="simple">
                <relationEntry>Panganiban, Elena M.</relationEntry>
            </cpfRelation>
            <cpfRelation cpfRelationType="associative" xlink:href="http://id.loc.gov/authorities/names/n88114244" xlink:role="http://rdvocab.info/uri/schema/FRBRentitiesRDA/Person" xlink:type="simple">
                <relationEntry localType="aut">De Guzman, Raul P.</relationEntry>
            </cpfRelation>
            <cpfRelation cpfRelationType="associative" xlink:href="http://id.loc.gov/authorities/names/n50055420" xlink:role="http://rdvocab.info/uri/schema/FRBRentitiesRDA/CorporateBody" xlink:type="simple">
                <relationEntry>UN Asian Institute for Economic Development and Planning</relationEntry>
            </cpfRelation>
            <cpfRelation cpfRelationType="associative" xlink:href="http://www.worldcat.org/identities/np-reyes, nilda" xlink:role="http://rdvocab.info/uri/schema/FRBRentitiesRDA/Person" xlink:type="simple">
                <relationEntry>Reyes, Nilda</relationEntry>
            </cpfRelation>
            <cpfRelation cpfRelationType="associative" xlink:href="http://id.loc.gov/authorities/names/n84031023" xlink:role="http://rdvocab.info/uri/schema/FRBRentitiesRDA/Person" xlink:type="simple">
                <relationEntry>Mariano, Vicente D.</relationEntry>
            </cpfRelation>
            <cpfRelation cpfRelationType="associative" xlink:href="http://www.worldcat.org/identities/np-tata, david" xlink:role="http://rdvocab.info/uri/schema/FRBRentitiesRDA/Person" xlink:type="simple">
                <relationEntry localType="aut">Tata, David</relationEntry>
            </cpfRelation>
            <cpfRelation cpfRelationType="associative" xlink:href="http://id.loc.gov/authorities/names/n82042233" xlink:role="http://rdvocab.info/uri/schema/FRBRentitiesRDA/Person" xlink:type="simple">
                <relationEntry localType="other">Cariño, Ledivina V.</relationEntry>
            </cpfRelation>
            <cpfRelation cpfRelationType="associative" xlink:href="http://id.loc.gov/authorities/names/n82062226" xlink:role="http://rdvocab.info/uri/schema/FRBRentitiesRDA/Person" xlink:type="simple">
                <relationEntry localType="aut">Simpas, Santiago S.</relationEntry>
            </cpfRelation>
            <cpfRelation cpfRelationType="associative" xlink:href="http://id.loc.gov/authorities/names/n83074635" xlink:role="http://rdvocab.info/uri/schema/FRBRentitiesRDA/CorporateBody" xlink:type="simple">
                <relationEntry>University of the Philippines</relationEntry>
            </cpfRelation>
            <cpfRelation cpfRelationType="associative" xlink:href="http://www.worldcat.org/identities/viaf-140137477" xlink:role="http://rdvocab.info/uri/schema/FRBRentitiesRDA/CorporateBody" xlink:type="simple">
                <relationEntry>National Economic and Development Authority</relationEntry>
            </cpfRelation>
            <cpfRelation cpfRelationType="associative" xlink:href="http://www.worldcat.org/identities/viaf-208904577" xlink:role="http://rdvocab.info/uri/schema/FRBRentitiesRDA/Person" xlink:type="simple">
                <relationEntry>Panganiban, Elena M.</relationEntry>
            </cpfRelation>
            <cpfRelation cpfRelationType="associative" xlink:href="http://id.loc.gov/authorities/names/n88114244" xlink:role="http://rdvocab.info/uri/schema/FRBRentitiesRDA/Person" xlink:type="simple">
                <relationEntry localType="aut">De Guzman, Raul P.</relationEntry>
            </cpfRelation>
            <cpfRelation cpfRelationType="associative" xlink:href="http://id.loc.gov/authorities/names/n50055420" xlink:role="http://rdvocab.info/uri/schema/FRBRentitiesRDA/CorporateBody" xlink:type="simple">
                <relationEntry>UN Asian Institute for Economic Development and Planning</relationEntry>
            </cpfRelation>
            <cpfRelation cpfRelationType="associative" xlink:href="http://www.worldcat.org/identities/np-reyes, nilda" xlink:role="http://rdvocab.info/uri/schema/FRBRentitiesRDA/Person" xlink:type="simple">
                <relationEntry>Reyes, Nilda</relationEntry>
            </cpfRelation>
            <cpfRelation cpfRelationType="associative" xlink:href="http://id.loc.gov/authorities/names/n84031023" xlink:role="http://rdvocab.info/uri/schema/FRBRentitiesRDA/Person" xlink:type="simple">
                <relationEntry>Mariano, Vicente D.</relationEntry>
            </cpfRelation>
            <cpfRelation cpfRelationType="associative" xlink:href="http://www.worldcat.org/identities/np-tata, david" xlink:role="http://rdvocab.info/uri/schema/FRBRentitiesRDA/Person" xlink:type="simple">
                <relationEntry localType="aut">Tata, David</relationEntry>
            </cpfRelation>
            <cpfRelation cpfRelationType="associative" xlink:href="http://viaf.org/viaf/58793053" xlink:role="http://rdvocab.info/uri/schema/FRBRentitiesRDA/Person" xlink:type="simple">
                <relationEntry>Cruz, Antonio de la, 1825-1889</relationEntry>
            </cpfRelation>
            <cpfRelation cpfRelationType="associative" xlink:href="http://viaf.org/viaf/33338239" xlink:role="http://rdvocab.info/uri/schema/FRBRentitiesRDA/Person" xlink:type="simple">
                <relationEntry>Pacho, Arturo G.</relationEntry>
            </cpfRelation>
            <resourceRelation resourceRelationType="creatorOf" xlink:href="http://hdl.loc.gov/loc.asian/eadasian.ad015002" xlink:role="archivalRecords" xlink:type="simple">
                <relationEntry>Arturo G. Pacho collection, 1945-2007</relationEntry>
                <objectXMLWrap>
                    <archdesc
                        xmlns="urn:isbn:1-931666-22-9" level="collection" type="register" relatedencoding="MARC21">
                        <did>
                            <head>Collection Summary</head>
                            <unittitle label="Title" encodinganalog="245$a">Arturo G. Pacho collection                                                                                                                                                  
                                <unitdate label="Span Dates" type="inclusive" normal="1945/2007" encodinganalog="245$f" era="ce" calendar="gregorian">1945-2007</unitdate>
                                <unitdate label="Bulk Dates" type="bulk" normal="1994/2005" encodinganalog="245$g" era="ce" calendar="gregorian">(bulk                1994-2005)</unitdate>
                            </unittitle>
                            <unitid label="ID No." encodinganalog="590" countrycode="US" repositorycode="US-DLC">AAPI584978</unitid>
                            <origination label="Creator" encodinganalog="">
                                <persname encodinganalog="100" source="lcnaf">Pacho, Arturo G.</persname>
                            </origination>
                            <physdesc label="Extent">
                                <extent encodinganalog="300">2100 items</extent>
                                <extent encodinganalog="300">6 containers plus 1 oversize</extent>
                                <extent encodinganalog="300">2.9 linear feet</extent>
                            </physdesc>
                            <langmaterial label="Language">Collection material in                                                                                                                                     
                                <language encodinganalog="041" langcode="eng">English</language> with some                                                                                                                                     
                                <language encodinganalog="041" langcode="tgl">Tagalog</language> and                                                                                                                                     
                                <language encodinganalog="041" langcode="chi">Chinese</language>
                            </langmaterial>
                            <repository label="Location" encodinganalog="852">
                                <corpname>
                                    <subarea>Asian Division</subarea> Library of Congress                                                                                                                                    
                                </corpname>
                                <address>
                                    <addressline>Washington, D.C.</addressline>
                                </address>
                            </repository>
                            <abstract label="Summary" encodinganalog="520$a">Author and educator. Articles, correspondence, thesis, publications, memorandums, meeting notes, agendas, brochures, programs, flyers, newsletters, newspaper clippings, organizational articles and bylaws, pamphlets, photographs, cassette tapes, and other research material are arranged according to Pacho’s work with Filipino American organizations and career as an author and educator. Subjects include Chinese-Filipinos, the Chinese in Southeast Asia, education, Filipino Americans, Filipino American educators, Filipino American social services and organizations, immigration, naturalization, and the Tagalog language.</abstract>
                        </did>
                        <scopecontent encodinganalog="520" id="mferd48e191">
                            <head>Scope and Content Note</head>
                            <p>The collection of Arturo G. Pacho (1942-    ) span the years from 1945 to 2007 with the bulk of the material dating from 1994 to 2005. The collection documents Pacho’s active involvement and affiliation with Filipino American organizations and research interests as an author and educator. The collection consists of agendas, articles, brochures, cassette recordings, conference programs, correspondence, flyers, meeting notes, memorandums, newsletters, organizational articles and bylaws, pamphlets, photographs, writings, and other miscellaneous material. There are three series:                                                                                                                                     
                                <ref xlink:show="replace" xlink:type="simple" xlink:actuate="onRequest" target="Organizations">Organizations</ref>,                                                                                                                                     
                                <ref xlink:show="replace" xlink:type="simple" xlink:actuate="onRequest" target="SFM">Subject Files and Miscellany,</ref> and                                                                                                                                     
                                <ref xlink:show="replace" xlink:type="simple" xlink:actuate="onRequest" target="OV">Oversize</ref>.                                                                                                                              
                            </p>
                            <p>The material in the                                                                                                                                     
                                <ref xlink:show="replace" xlink:type="simple" xlink:actuate="onRequest" target="Organizations">Organizations</ref> series provides insight into Pacho’s involvement with Filipino American organizations while also helping to document the mission, goals, initiatives, and events of organizations such as An Taclobanon Association of Southern California, the Filipino American Educators Association (FAEA) which is affiliated with the statewide Filipino American Educators Association of California, Inc. (FAEAC), the Filipino American Public Affairs Council (FAPAC), and Filipino American Service Group, Inc. (FASGI).                                                                                                                               
                            </p>
                            <p>In 1998, Pacho was Hermano Mayor of An Taclobanon, a non-profit organization in Southern California that promoted and organized peoples with ties to Tacloban, Leyte Province. Its mission was to maintain religious, civic, social, and family ties in the Philippines and the United States. Pacho’s collection includes a copy of the articles of inclusion and bylaws, brochures, correspondence, meeting notes, memorandums, minutes, newsletters, reports, and other documents. Each year, the organization hosted a Saint Nino De Leyte Fiesta and Miss An Maglipayon USA pageant. Programs and notes from both events are also in the collection.          </p>
                            <p>Pacho was also involved in various capacities with FAEA, a chapter of FAEAC. While with the organization, he was Vice President of Community Affairs and eventually became the President. Originally founded in 1974 by Filipino American teachers in the Los Angeles area, FAEA evolved into a professional organization that served the community. Pacho and FAEA sponsored the FAEAC statewide conference from October 14-15, 2015 in Anaheim, California. Correspondence and conference planning material document Pacho and FAEA’s efforts to bring together teachers to discuss the future of education. Also included are newsletters, pamphlets, brochures, a copy of duties of FAEA officers, and bylaws.                         </p>
                            <p>From 2003-2005, as President of FAEA, Pacho worked closely with FILMEDA, the San Diego chapter of FAEAC, as Filipino American teachers struggled to be credentialed in Tagalog. Due to the federal No Child Left Behind Act, teachers had to be credentialed in a subject in order to teach. However, at the time of this federal act, California did not offer exams to teach Tagalog. Pacho petitioned Assembly Members and members of Congress regarding this issue, and the collection includes copies of the correspondence. In addition, the collection includes a presentation slide, notes, articles, and other documents about teaching Tagalog in schools.           </p>
                            <p>FAPAC, a non-profit founded in 1988, served as a forum for issues that affected Filipino Americans. Serving in various capacities throughout the years as a member, Treasurer, and Executive Director of FAPAC, Pacho's collection includes planning notes for a 1991 conference about the Filipino community and its future. Additionally, there are articles of inclusion from 1988, documents pertaining to establishing the organizations non-profit status, photographs, and nine cassette recordings of the November 16, 1991 conference.          </p>
                            <p>Moreover, as a member of FASGI, Pacho's collection includes meeting notes, agendas, memorandums, correspondence, program events, bylaws, and reports documenting this non-profit agency as it provided social services to the elderly, poor, and disadvantaged Filipinos Americans. FASGI was founded in 1981 as a provider of hot meals to the elderly. In 1998, it changed its mission to empower Filipino Americans and others through gender, age, culture, and linguistically sensitive advocacy, social services, and social action and leadership. The organization also received a project grant from the United States Department of Justice to focus on trafficked Asian women. The collection includes material related to the Trafficked Women Project.            </p>
                            <p>The                                                                                                                                     
                                <ref xlink:show="replace" xlink:type="simple" xlink:actuate="onRequest" target="SFM">Subject Files and Miscellany</ref> series consists of correspondence, articles, newspaper clippings, newsletters, writings, and other research material relating to Pacho’s interests in legislation, the Chinese in the Philippines and Southeast Asia, the Filipino American community, immigration, and naturalization. His articles and publications are found in the Writings folder. Miscellaneous monographs and serials collected by Pacho are housed in the Miscellany containers.                                                                                                                               
                            </p>
                            <p>The                                                                                                                                     
                                <ref xlink:show="replace" xlink:type="simple" xlink:actuate="onRequest" target="OV">Oversize</ref> box includes copies of Singapore’s laws regarding citizenship and naturalization. Also included is research materials used for Pacho’s thesis such as newsletters from the Filipino Chinese Amity Club. The newsletters, from the 1980’s, are in Tagalog and Chinese. Pacho’s 1966 limited edition report for the School of Public Administration at the University of the Philippines entitled                                                                                                                                     
                                <title>The Public Health of Davao</title> is also housed in this container. This box includes materials related to the Chinese in the Philippines, immigration, naturalization, and policies.                                                                                                                               
                            </p>
                        </scopecontent>
                    </archdesc>
                </objectXMLWrap>
            </resourceRelation>
            <resourceRelation resourceRelationType="creatorOf" xlink:href="http://www.worldcat.org/oclc/8645180" xlink:role="archivalRecords" xlink:type="simple">
                <relationEntry localType="mix">Policy agenda of the ethnic Chinese in the Philippines</relationEntry>
            </resourceRelation>
            <resourceRelation resourceRelationType="creatorOf" xlink:href="http://www.worldcat.org/oclc/2368700" xlink:role="resource" xlink:type="simple">
                <relationEntry localType="book">Local government and rural development in the Philippines</relationEntry>
            </resourceRelation>
            <resourceRelation resourceRelationType="creatorOf" xlink:href="http://www.worldcat.org/oclc/1676589" xlink:role="resource" xlink:type="simple">
                <relationEntry localType="book">Urban development planning in four Philippine cities : a joint project of the U.P. Local Government Center and the National Economic and Development Authority</relationEntry>
            </resourceRelation>
            <resourceRelation resourceRelationType="creatorOf" xlink:href="http://www.worldcat.org/oclc/9198055" xlink:role="resource" xlink:type="simple">
                <relationEntry localType="book">Of citizens and leaders : reform politics and government in a suburban setting</relationEntry>
            </resourceRelation>
            <resourceRelation resourceRelationType="creatorOf" xlink:href="http://www.worldcat.org/oclc/11370438" xlink:role="resource" xlink:type="simple">
                <relationEntry localType="book">The administration of the public highways program in Davao</relationEntry>
            </resourceRelation>
            <resourceRelation resourceRelationType="creatorOf" xlink:href="http://www.worldcat.org/oclc/7452014" xlink:role="resource" xlink:type="simple">
                <relationEntry localType="book">The administration of the public health program in Davao</relationEntry>
            </resourceRelation>
            <resourceRelation resourceRelationType="creatorOf" xlink:href="http://www.worldcat.org/oclc/57717985" xlink:role="resource" xlink:type="simple">
                <relationEntry localType="book">An evaluation of the regional delineation in the Philippines</relationEntry>
            </resourceRelation>
            <resourceRelation resourceRelationType="creatorOf" xlink:href="http://www.worldcat.org/oclc/229432521" xlink:role="resource" xlink:type="simple">
                <relationEntry localType="book">Achieving self-sufficiency in rice : a study of the Philippine experience in program implementation</relationEntry>
            </resourceRelation>
            <resourceRelation resourceRelationType="creatorOf" xlink:href="http://www.worldcat.org/oclc/945356361" xlink:role="resource" xlink:type="simple">
                <relationEntry localType="book">Discovering tuba</relationEntry>
            </resourceRelation>
            <resourceRelation resourceRelationType="creatorOf" xlink:href="http://www.worldcat.org/oclc/63575693" xlink:role="resource" xlink:type="simple">
                <relationEntry localType="book">Role of government in the development process in the Philippines</relationEntry>
            </resourceRelation>
            <resourceRelation resourceRelationType="creatorOf" xlink:href="http://www.worldcat.org/oclc/32639490" xlink:role="resource" xlink:type="simple">
                <relationEntry localType="book">Towards a national strategy on urban development in Nigeria : a preliminary report prepared for the federal military government of Nigeria (May 1971)</relationEntry>
            </resourceRelation>
            <resourceRelation resourceRelationType="creatorOf" xlink:href="http://www.worldcat.org/oclc/52334237" xlink:role="resource" xlink:type="simple">
                <relationEntry localType="book">The Chinese community in the Philippines : status and conditions</relationEntry>
            </resourceRelation>
            <resourceRelation resourceRelationType="creatorOf" xlink:href="http://www.worldcat.org/oclc/6327890" xlink:role="resource" xlink:type="simple">
                <relationEntry localType="book">The surface of development in Nigeria : towards a national strategy on urban development</relationEntry>
            </resourceRelation>
            <resourceRelation resourceRelationType="creatorOf" xlink:href="http://www.worldcat.org/oclc/77738787" xlink:role="resource" xlink:type="simple">
                <relationEntry localType="art">Administrative reforms in Asia and Pacific region nations : processes and procedures</relationEntry>
            </resourceRelation>
            <resourceRelation resourceRelationType="creatorOf" xlink:href="http://www.worldcat.org/oclc/79305105" xlink:role="resource" xlink:type="simple">
                <relationEntry localType="art">Political integration through naturalization : a Southeast Asian perspective</relationEntry>
            </resourceRelation>
            <resourceRelation resourceRelationType="creatorOf" xlink:href="http://www.worldcat.org/oclc/8645180" xlink:role="archivalRecords" xlink:type="simple">
                <relationEntry localType="mix">Policy agenda of the ethnic Chinese in the Philippines</relationEntry>
            </resourceRelation>
            <resourceRelation resourceRelationType="creatorOf" xlink:href="http://www.worldcat.org/oclc/2368700" xlink:role="resource" xlink:type="simple">
                <relationEntry localType="book">Local government and rural development in the Philippines</relationEntry>
            </resourceRelation>
            <resourceRelation resourceRelationType="creatorOf" xlink:href="http://www.worldcat.org/oclc/1676589" xlink:role="resource" xlink:type="simple">
                <relationEntry localType="book">Urban development planning in four Philippine cities : a joint project of the U.P. Local Government Center and the National Economic and Development Authority</relationEntry>
            </resourceRelation>
            <resourceRelation resourceRelationType="creatorOf" xlink:href="http://www.worldcat.org/oclc/9198055" xlink:role="resource" xlink:type="simple">
                <relationEntry localType="book">Of citizens and leaders : reform politics and government in a suburban setting</relationEntry>
            </resourceRelation>
            <resourceRelation resourceRelationType="creatorOf" xlink:href="http://www.worldcat.org/oclc/11370438" xlink:role="resource" xlink:type="simple">
                <relationEntry localType="book">The administration of the public highways program in Davao</relationEntry>
            </resourceRelation>
            <resourceRelation resourceRelationType="creatorOf" xlink:href="http://www.worldcat.org/oclc/7452014" xlink:role="resource" xlink:type="simple">
                <relationEntry localType="book">The administration of the public health program in Davao</relationEntry>
            </resourceRelation>
            <resourceRelation resourceRelationType="creatorOf" xlink:href="http://www.worldcat.org/oclc/57717985" xlink:role="resource" xlink:type="simple">
                <relationEntry localType="book">An evaluation of the regional delineation in the Philippines</relationEntry>
            </resourceRelation>
            <resourceRelation resourceRelationType="creatorOf" xlink:href="http://www.worldcat.org/oclc/229432521" xlink:role="resource" xlink:type="simple">
                <relationEntry localType="book">Achieving self-sufficiency in rice : a study of the Philippine experience in program implementation</relationEntry>
            </resourceRelation>
            <resourceRelation resourceRelationType="creatorOf" xlink:href="http://www.worldcat.org/oclc/945356361" xlink:role="resource" xlink:type="simple">
                <relationEntry localType="book">Discovering tuba</relationEntry>
            </resourceRelation>
            <resourceRelation resourceRelationType="creatorOf" xlink:href="http://www.worldcat.org/oclc/63575693" xlink:role="resource" xlink:type="simple">
                <relationEntry localType="book">Role of government in the development process in the Philippines</relationEntry>
            </resourceRelation>
            <resourceRelation resourceRelationType="creatorOf" xlink:href="http://www.worldcat.org/oclc/32639490" xlink:role="resource" xlink:type="simple">
                <relationEntry localType="book">Towards a national strategy on urban development in Nigeria : a preliminary report prepared for the federal military government of Nigeria (May 1971)</relationEntry>
            </resourceRelation>
            <resourceRelation resourceRelationType="creatorOf" xlink:href="http://www.worldcat.org/oclc/52334237" xlink:role="resource" xlink:type="simple">
                <relationEntry localType="book">The Chinese community in the Philippines : status and conditions</relationEntry>
            </resourceRelation>
            <resourceRelation resourceRelationType="creatorOf" xlink:href="http://www.worldcat.org/oclc/6327890" xlink:role="resource" xlink:type="simple">
                <relationEntry localType="book">The surface of development in Nigeria : towards a national strategy on urban development</relationEntry>
            </resourceRelation>
            <resourceRelation resourceRelationType="creatorOf" xlink:href="http://www.worldcat.org/oclc/77738787" xlink:role="resource" xlink:type="simple">
                <relationEntry localType="art">Administrative reforms in Asia and Pacific region nations : processes and procedures</relationEntry>
            </resourceRelation>
            <resourceRelation resourceRelationType="creatorOf" xlink:href="http://www.worldcat.org/oclc/79305105" xlink:role="resource" xlink:type="simple">
                <relationEntry localType="art">Political integration through naturalization : a Southeast Asian perspective</relationEntry>
            </resourceRelation>
        </relations>
    </cpfDescription>
</eac-cpf>