<?xml version="1.0" encoding="UTF-8"?>
<eac-cpf xmlns="urn:isbn:1-931666-33-4" xmlns:xsi="http://www.w3.org/2001/XMLSchema-instance" xmlns:xlink="http://www.w3.org/1999/xlink" xsi:schemaLocation="urn:isbn:1-931666-33-4 http://eac.staatsbibliothek-berlin.de/schema/cpf.xsd">
  <control>
    <recordId>RAMP-ad015001</recordId>
    <maintenanceStatus>new</maintenanceStatus>
    <publicationStatus>inProcess</publicationStatus>
    <maintenanceAgency>
      <agencyCode>US-ABC</agencyCode>
      <otherAgencyCode localType="MARC">XYZ</otherAgencyCode>
      <agencyName>University of ABC</agencyName>
    </maintenanceAgency>
    <languageDeclaration>
      <language languageCode="eng">English</language>
      <script scriptCode="Latn">Latin</script>
    </languageDeclaration>
    <conventionDeclaration>
      <abbreviation>FAST</abbreviation>
      <citation>Faceted Application of Subject Terminology</citation>
    </conventionDeclaration>
    <conventionDeclaration>
      <abbreviation>LCCN</abbreviation>
      <citation>Library of Congress Control Number</citation>
    </conventionDeclaration>
    <conventionDeclaration>
      <abbreviation>VIAF</abbreviation>
      <citation>Virtual International Authority File</citation>
    </conventionDeclaration>
    <conventionDeclaration>
      <abbreviation>WCI</abbreviation>
      <citation>WorldCat Identities</citation>
    </conventionDeclaration>
    <maintenanceHistory>
      <maintenanceEvent>
        <eventType>derived</eventType>
        <eventDateTime standardDateTime="2016-02-12"/>
        <agentType>machine</agentType>
        <agent>XSLT ead2eac.xsl/libxslt</agent>
        <eventDescription>New EAC-CPF record derived from EAD instance and existing EAC-CPF record, if available.</eventDescription>
      </maintenanceEvent>
    </maintenanceHistory>
    <sources>
      <source xlink:href="http://hdl.loc.gov/loc.asian/eadasian.ad015001" xlink:type="simple">
        <sourceEntry>Jeanne Sakata collection</sourceEntry>
        <objectXMLWrap>
          <ead xmlns="urn:isbn:1-931666-22-9" audience="external">
            <eadheader>
              <eadid mainagencycode="US-DLC" countrycode="US" identifier="hdl:loc.asian/eadasian.ad015001" encodinganalog="856$u">http://hdl.loc.gov/loc.asian/eadasian.ad015001</eadid>
              <filedesc>
                <titlestmt>
                  <titleproper>Jeanne Sakata collection</titleproper>
                  <subtitle>A Finding Aid to the Collection in the Library of Congress </subtitle>
                  <author>Prepared by Pang Xiong</author>
                </titlestmt>
                <publicationstmt>
                  <publisher encodinganalog="260$b"><extptr xlink:type="simple" xlink:show="embed" xlink:actuate="onLoad" xlink:href="http://lcweb2.loc.gov/xmlcommon/lcseal.jpg"/>Asian American Pacific Islander Collection<lb/>Asian Division,
               Library of Congress</publisher>
                  <address>
                    <addressline>Washington, D.C. </addressline>
                  </address>
                  <date normal="2012" encodinganalog="260$c" era="ce" calendar="gregorian">2012</date>
                </publicationstmt>
              </filedesc>
              <profiledesc>
                <creation>Finding aid encoded by Library of Congress Asian Division, <date normal="2015" era="ce" calendar="gregorian">2015</date></creation>
                <langusage>Finding aid written in <language encodinganalog="041" langcode="eng">English.</language></langusage>
              </profiledesc>
            </eadheader>
            <archdesc level="collection" type="register" relatedencoding="MARC21">
              <did>
                <langmaterial label="Language">Collection material in <language encodinganalog="041" langcode="eng">English</language></langmaterial>
              </did>
              <descgrp type="admininfo" id="mferd53e138">
                <head>Administrative Information</head>
                <acqinfo encodinganalog="541" id="mferd53e141">
                  <head>Provenance</head>
                  <p>The collection of Jeanne Sakata, actress and playwright, was compiled as research for the play <title>Dawn's Light: The Journey of Gordan Hirabayashi</title>. The collection was given to the Library of Congress in July 2011. 
            </p>
                </acqinfo>
                <userestrict encodinganalog="540" id="mferd53e149">
                  <head>Copyright Status</head>
                  <p>The status of copyright in the writings of Jeanne Sakata is governed by the Copyright Law of the United States (Title 17, U.S.C.). Consult the Asian Division for more information.</p>
                </userestrict>
                <accessrestrict encodinganalog="506 0" id="mferd53e154">
                  <head>Access and Restrictions</head>
                  <p>The Jeanne Sakata collection is open to research. Researchers are advised to contact the Asian Division prior to visiting. Advance notice is needed because collections must be retrieved for researchers. </p>
                </accessrestrict>
                <prefercite encodinganalog="524" id="mferd53e159">
                  <head>Preferred Citation</head>
                  <p>Researchers wishing to cite this collection should include the following information: The Jeanne Sakata collection, Folder Title, Asian American Pacific Islander Collection, Asian Division, Library of Congress, Washington, D.C.</p>
                </prefercite>
              </descgrp>
            </archdesc>
          </ead>
        </objectXMLWrap>
      </source>
    </sources>
  </control>
  <cpfDescription>
    <identity>
      <entityType>person</entityType>
      <nameEntry scriptCode="Latn" xml:lang="en">
        <part>Sakata, Jeanne, 1954-</part>
      </nameEntry>
    </identity>
    <description>
      <existDates>
        <dateRange>
          <fromDate>1954</fromDate>
        </dateRange>
      </existDates>
      <languagesUsed>
        <languageUsed>
          <language languageCode="eng">English</language>
          <script scriptCode="Latn">Latin</script>
        </languageUsed>
      </languagesUsed>
      <localDescription localType="700">
        <term>Hirabayashi, Gordon K.</term>
      </localDescription>
      <localDescription localType="subject">
        <term>Sakata, Jeanne, 1954- </term>
      </localDescription>
      <localDescription localType="650">
        <term>Asian American theater.</term>
      </localDescription>
      <localDescription localType="650">
        <term>Japanese Americans--Civil rights.</term>
      </localDescription>
      <localDescription localType="650">
        <term>Japanese Americans--Evacuation and relocation, 1942-1945.</term>
      </localDescription>
      <localDescription localType="650">
        <term>World War, 1939-1945--Japanese Americans.</term>
      </localDescription>
      <occupation localType="656">
        <term>Actresses.</term>
      </occupation>
      <occupation localType="656">
        <term>Playwrights.</term>
      </occupation>
      <biogHist>
        <abstract>Actress and playwright. Articles, correspondence, DVDs, essays, flyers, programs, scripts, research materials, and transcripts of oral history interviews relating to the struggles of Japanese American Gordan Hirabayashi during World War II for Jeanne Sakata's play Dawn's Light: The Journey of Gordan Hirabayashi. The play was eventually re-titled Hold These Truths. Subjects include Asian American theater and the civil rights and internment of Japanese Americans, particularly Gordan Hirabayashi, during World War II.</abstract>
        <p>Jeanne Sakata was born in Watsonville, California on April 8, 1954 and raised in a Japanese American farming family in the Pajaro Valley. She holds a Bachelor's of Art in English Literature from the University of California, Los Angeles. Sakata has been a professional actress since the early 1980's and has performed across the country. She makes her home in Los Angeles, California with her husband.</p>
        <p>Sakata made her playwriting debut with <span style="font-style:italic">Dawn's Light: The Journey of Gordon Hirabayashi</span>, and it premiered in 2007 at East West Players in Los Angeles, California. The play was an interpretation of events that led Gordon Hirabayashi, a Japanese American college student at the University of Washington, to defy Executive Order 9066. In 1942, the United States government imposed a curfew and evacuation order for all Japanese on the west coast under Executive Order 9066. Hirabayashi felt this violated his constitutional rights and defied the orders.
         </p>
        <p>After the Japanese were removed from Seattle, Washington, Hirabayashi turned himself into the Federal Bureau of Investigation (FBI). He was tried and convicted in the Federal District Court of Seattle. In 1943, in the case of Hirabayashi v. United States, the Supreme Court upheld the conviction that the curfew was constitutional and Hirabayashi was sentenced to serve three months in a prison in Arizona. After the war, Hirabayashi became a sociologist and taught at American University in Beirut, American University in Cairo, and the University of Alberta. In the 1980's, Peter Irons and Aiko Herzig-Yoshinaga discovered evidence that had been withheld from the Office of Naval Intelligence. In 1986 and 1987, Hirabayashi's original exclusion and curfew convictions were overturned. On January 2, 2012, he died in Edmonton, Alberta. On May 29, 2012, President Barack Obama posthumously awarded Hirabayashi the Medal of Freedom. 
         </p>
        <p><span style="font-style:italic">Dawn's Light: The Journey of Gordon Hirabayashi</span> was  invited by the New York Theatre Workshop to be showcased at their 2009 Dartmouth Residency. The play has also been performed at Chicago's Pritzker Pavilion as part of the 2011 In the Works New Plays Series; in Epic Theatre Ensemble's 2010 Passion Play Festival with the John Jay College of Criminal Justice; at the University of California at Riverside; at the 16th Annual Conference of the Japan Studies Association in Honolulu; and at the Japanese American Citizens League Day of Remembrance events in Sacramento and Salinas, California. At the University of Tennessee at Knoxville, it was the inspiration and theatrical centerpiece of the civil rights symposium <span style="font-style:italic">Civil Liberties, National Security and the Legacies of the Japanese Removal and Incarceration.</span> With the East West Players Theatre for Youth program, Sakata's play has twice toured high schools and junior high schools in the Los Angeles Unified School District in 2008 and 2010. In 2012, Epic Theatre Ensemble produced Sakata's re-titled play <span style="font-style:italic">Hold These Truths</span> into a one-character play that was staged off-Broadway.  
         </p>
        <p>As a professional actor, Sakata has performed in various plays including <span style="font-style:italic">Calligraphy</span> by Velina Hasu Houston at L.A. Theater Center, <span style="font-style:italic">A Cage of Fireflies</span> at the Sundance Institute Theatre Lab in New York, <span style="font-style:italic">Seven</span> at the University of Southern California, Julia Cho's <span style="font-style:italic">The Language of Archive</span> at East West Players, and in <span style="font-style:italic">Red Flamboyant</span> at the Ojai Playwrights Festival in Ojai, California. With Antaeus Company in Los Angeles, she played the title role in George Bernard Shaw's <span style="font-style:italic">Mrs. Warren's Profession</span> in the 2012 Classics Fest. 
         </p>
        <p>Sakata received the LA Ovation Award Winner for Best Lead Actress for her cross-gender portrayal of Master Hua in Chay Yew's <span style="font-style:italic">Red</span> at East West Players in Los Angeles, California. She also received a StageScene "Best of 2007" Outstanding Performance mention for her performance as Maria Callas in East West Players Master Class, an Entertainment Today Award for Best Supporting Actress in Chay Yew's <span style="font-style:italic">A Winter People</span> at Theatre @ Boston Court, and a DramaLogue Award for her work in Jean Genet's <span style="font-style:italic">The Maids</span> at East West Players. In 2011, Sakata was honored with an Outstanding Artist Award for her career achievements by Los Angeles' Asian Pacific American Friends of the Theatre.  
         </p>
      </biogHist>
    </description>
    <relations>
      <cpfRelation cpfRelationType="associative" xlink:role="http://rdvocab.info/uri/schema/FRBRentitiesRDA/Person" xlink:type="simple">
        <relationEntry>Hirabayashi, Gordon K.</relationEntry>
      </cpfRelation>
      <cpfRelation cpfRelationType="associative" xlink:role="http://rdvocab.info/uri/schema/FRBRentitiesRDA/CorporateBody" xlink:type="simple">
        <relationEntry>Asian American Pacific Islander Collection (Library of Congress)</relationEntry>
      </cpfRelation>
      <cpfRelation cpfRelationType="associative" xlink:role="http://rdvocab.info/uri/schema/FRBRentitiesRDA/CorporateBody" xlink:type="simple">
        <relationEntry>Asian Division Library of Congress</relationEntry>
      </cpfRelation>
      <resourceRelation resourceRelationType="creatorOf" xlink:href="http://hdl.loc.gov/loc.asian/eadasian.ad015001" xlink:role="archivalRecords" xlink:type="simple">
        <relationEntry>Jeanne Sakata collection, 1942-2010</relationEntry>
        <objectXMLWrap>
          <archdesc xmlns="urn:isbn:1-931666-22-9" level="collection" type="register" relatedencoding="MARC21">
            <did>
              <head>Collection Summary</head>
              <unittitle label="Title" encodinganalog="245$a">Jeanne Sakata collection
            <unitdate label="Span Dates" type="inclusive" normal="1942/2010" encodinganalog="245$f" era="ce" calendar="gregorian">1942-2010</unitdate><unitdate label="Bulk Dates" type="bulk" normal="2007/2010" encodinganalog="245$g" era="ce" calendar="gregorian">(bulk
                  2007-2010)</unitdate></unittitle>
              <unitid label="ID No." encodinganalog="590" countrycode="US" repositorycode="US-DLC">AAPI584981</unitid>
              <origination label="Creator" encodinganalog="">
                <persname encodinganalog="100" source="lcnaf">Sakata, Jeanne, 1954-</persname>
              </origination>
              <physdesc label="Extent">
                <extent encodinganalog="300">116 items and 3 DVDs</extent>
                <extent encodinganalog="300">1 container</extent>
                <extent encodinganalog="300">0.4 linear feet</extent>
              </physdesc>
              <langmaterial label="Language">Collection material in <language encodinganalog="041" langcode="eng">English</language></langmaterial>
              <repository label="Location" encodinganalog="852">
                <corpname><subarea>Asian Division</subarea> Library of Congress</corpname>
                <address>
                  <addressline>Washington, D.C.</addressline>
                </address>
              </repository>
              <abstract label="Summary" encodinganalog="520$a">Actress and playwright. Articles, correspondence, DVDs, essays, flyers, programs, scripts, research materials, and transcripts of oral history interviews relating to the struggles of Japanese American Gordan Hirabayashi during World War II for Jeanne Sakata's play <title>Dawn's Light: The Journey of Gordan Hirabayashi</title>. The play was eventually re-titled <title>Hold These Truths</title>. Subjects include Asian American theater and the civil rights and internment of Japanese Americans, particularly Gordan Hirabayashi, during World War II.
         </abstract>
            </did>
            <scopecontent encodinganalog="520" id="mferd53e218">
              <head>Scope and Content Note</head>
              <p>The Jeanne Sakata collection span the years from 1942 to 2011 with the bulk of material dating between 2007 to 2011. The collection consists of research material, articles, essays, programs, flyers, a documentary produced and directed by John de Graff and sponsored by the United States Bicentennial Commission, correspondence between Hirabayashi and the Ring family, and correspondence between Sakata and Hirabayashi from 1995. A published and unpublished script for the play is included in this collection along with Sakata's transcribed oral history interviews with Gordon Hirabayashi. The collection also contains a DVD copy of Sakata and actor Ryun Yu's interview with KPFK Radio in Los Angeles. Of particular importance is that the play's title changed from <title>Dawn's Light: The Journey of Gordan Hirabayashi</title> to <title>Hold These Truths</title>. The play was chosen for the New York Theatre Workshop and selected for a collaborative public reading by Epic Theatre Ensemble and the Lark Play Development Center. All supporting material for these events are housed in this collection.
         </p>
            </scopecontent>
          </archdesc>
        </objectXMLWrap>
      </resourceRelation>
    </relations>
  </cpfDescription>
</eac-cpf>
